Descriptor,Gly_25x25,Ala_25x25,Gly_36x36,Ala_36x36,Change_25x25_percent,Change_36x36_percent
Connectivity scale H0,0.179681,0.1784269958734512,0.119879,0.1190263628959655,-0.6979058033675267,-0.7112480951913969
First dominant persistence H1,1.044615,1.0067175030708313,1.083728,1.065552905201912,-3.627891321603538,-1.6770900814676803
Second dominant persistence H1,0.975305,0.9581540077924728,1.031345,1.0005723536014557,-1.7585260208372921,-2.983739330538693
Largest secondary persistence H1,0.078515,0.0798490941524505,0.052424,0.0538602545857429,1.6991583168190827,2.7396890465109625
Dominant persistence H2,0.967064,0.906301811337471,1.04518,0.9830567538738252,-6.283161058888453,-5.943784431980603
Largest secondary persistence H2,0.082822,0.0544567108154296,0.048497,0.0367181301116943,-34.24849579166212,-24.28783200673381
Separation ratio H1,12.42,11.999560144829369,19.67,18.577193169567984,-3.3851840190872062,-5.555703255882138
Separation ratio H2,11.68,16.642610208486595,21.55,26.77306145175222,42.488101100056475,24.23694409165762
Topological window length,0.883475,0.8713618069887161,0.969895,0.9425093829631803,-1.371084978214876,-2.8235651319802324
